user_id,first_name,last_name,email,signup_date
1,UserFN1,UserLN1,user1@example.com,2023-01-01
2,UserFN2,UserLN2,user2@example.com,2023-01-02
3,UserFN3,UserLN3,user3@example.com,2023-01-03
4,UserFN4,UserLN4,user4@example.com,2023-01-04
5,UserFN5,UserLN5,user5@example.com,2023-01-05
6,UserFN6,UserLN6,user6@example.com,2023-01-06
7,UserFN7,UserLN7,user7@example.com,2023-01-07
8,UserFN8,UserLN8,user8@example.com,2023-01-08
9,UserFN9,UserLN9,user9@example.com,2023-01-09
10,UserFN10,UserLN10,user10@example.com,2023-01-10
11,UserFN11,UserLN11,user11@example.com,2023-01-11
12,UserFN12,UserLN12,user12@example.com,2023-01-12
13,UserFN13,UserLN13,user13@example.com,2023-01-13
14,UserFN14,UserLN14,user14@example.com,2023-01-14
15,UserFN15,UserLN15,user15@example.com,2023-01-15
16,UserFN16,UserLN16,user16@example.com,2023-01-16
17,UserFN17,UserLN17,user17@example.com,2023-01-17
18,UserFN18,UserLN18,user18@example.com,2023-01-18
19,UserFN19,UserLN19,user19@example.com,2023-01-19
20,UserFN20,UserLN20,user20@example.com,2023-01-20
21,UserFN21,UserLN21,user21@example.com,2023-01-21
22,UserFN22,UserLN22,user22@example.com,2023-01-22
23,UserFN23,UserLN23,user23@example.com,2023-01-23
24,UserFN24,UserLN24,user24@example.com,2023-01-24
25,UserFN25,UserLN25,user25@example.com,2023-01-25
26,UserFN26,UserLN26,user26@example.com,2023-01-26
27,UserFN27,UserLN27,user27@example.com,2023-01-27
28,UserFN28,UserLN28,user28@example.com,2023-01-28
29,UserFN29,UserLN29,user29@example.com,2023-01-29
30,UserFN30,UserLN30,user30@example.com,2023-01-30
31,UserFN31,UserLN31,user31@example.com,2023-01-31
32,UserFN32,UserLN32,user32@example.com,2023-02-01
33,UserFN33,UserLN33,user33@example.com,2023-02-02
34,UserFN34,UserLN34,user34@example.com,2023-02-03
35,UserFN35,UserLN35,user35@example.com,2023-02-04
36,UserFN36,UserLN36,user36@example.com,2023-02-05
37,UserFN37,UserLN37,user37@example.com,2023-02-06
38,UserFN38,UserLN38,user38@example.com,2023-02-07
39,UserFN39,UserLN39,user39@example.com,2023-02-08
40,UserFN40,UserLN40,user40@example.com,2023-02-09
41,UserFN41,UserLN41,user41@example.com,2023-02-10
42,UserFN42,UserLN42,user42@example.com,2023-02-11
43,UserFN43,UserLN43,user43@example.com,2023-02-12
44,UserFN44,UserLN44,user44@example.com,2023-02-13
45,UserFN45,UserLN45,user45@example.com,2023-02-14
46,UserFN46,UserLN46,user46@example.com,2023-02-15
47,UserFN47,UserLN47,user47@example.com,2023-02-16
48,UserFN48,UserLN48,user48@example.com,2023-02-17
49,UserFN49,UserLN49,user49@example.com,2023-02-18
50,UserFN50,UserLN50,user50@example.com,2023-02-19
51,UserFN51,UserLN51,user51@example.com,2023-02-20
52,UserFN52,UserLN52,user52@example.com,2023-02-21
53,UserFN53,UserLN53,user53@example.com,2023-02-22
54,UserFN54,UserLN54,user54@example.com,2023-02-23
55,UserFN55,UserLN55,user55@example.com,2023-02-24
56,UserFN56,UserLN56,user56@example.com,2023-02-25
57,UserFN57,UserLN57,user57@example.com,2023-02-26
58,UserFN58,UserLN58,user58@example.com,2023-02-27
59,UserFN59,UserLN59,user59@example.com,2023-02-28
60,UserFN60,UserLN60,user60@example.com,2023-03-01
61,UserFN61,UserLN61,user61@example.com,2023-03-02
62,UserFN62,UserLN62,user62@example.com,2023-03-03
63,UserFN63,UserLN63,user63@example.com,2023-03-04
64,UserFN64,UserLN64,user64@example.com,2023-03-05
65,UserFN65,UserLN65,user65@example.com,2023-03-06
66,UserFN66,UserLN66,user66@example.com,2023-03-07
67,UserFN67,UserLN67,user67@example.com,2023-03-08
68,UserFN68,UserLN68,user68@example.com,2023-03-09
69,UserFN69,UserLN69,user69@example.com,2023-03-10
70,UserFN70,UserLN70,user70@example.com,2023-03-11
71,UserFN71,UserLN71,user71@example.com,2023-03-12
72,UserFN72,UserLN72,user72@example.com,2023-03-13
73,UserFN73,UserLN73,user73@example.com,2023-03-14
74,UserFN74,UserLN74,user74@example.com,2023-03-15
75,UserFN75,UserLN75,user75@example.com,2023-03-16
76,UserFN76,UserLN76,user76@example.com,2023-03-17
77,UserFN77,UserLN77,user77@example.com,2023-03-18
78,UserFN78,UserLN78,user78@example.com,2023-03-19
79,UserFN79,UserLN79,user79@example.com,2023-03-20
80,UserFN80,UserLN80,user80@example.com,2023-03-21
81,UserFN81,UserLN81,user81@example.com,2023-03-22
82,UserFN82,UserLN82,user82@example.com,2023-03-23
83,UserFN83,UserLN83,user83@example.com,2023-03-24
84,UserFN84,UserLN84,user84@example.com,2023-03-25
85,UserFN85,UserLN85,user85@example.com,2023-03-26
86,UserFN86,UserLN86,user86@example.com,2023-03-27
87,UserFN87,UserLN87,user87@example.com,2023-03-28
88,UserFN88,UserLN88,user88@example.com,2023-03-29
89,UserFN89,UserLN89,user89@example.com,2023-03-30
90,UserFN90,UserLN90,user90@example.com,2023-03-31
91,UserFN91,UserLN91,user91@example.com,2023-04-01
92,UserFN92,UserLN92,user92@example.com,2023-04-02
93,UserFN93,UserLN93,user93@example.com,2023-04-03
94,UserFN94,UserLN94,user94@example.com,2023-04-04
95,UserFN95,UserLN95,user95@example.com,2023-04-05
96,UserFN96,UserLN96,user96@example.com,2023-04-06
97,UserFN97,UserLN97,user97@example.com,2023-04-07
98,UserFN98,UserLN98,user98@example.com,2023-04-08
99,UserFN99,UserLN99,user99@example.com,2023-04-09
100,UserFN100,UserLN100,user100@example.com,2023-04-10
